K,Accuracy,CumulativeVariance
10,93.75,0.60347253
20,96.25,0.70627093
30,95.0,0.76130563
50,88.75,0.82642794
80,87.5,0.8796475
100,83.75,0.90323323
